<?xml version="1.0" encoding="UTF-8"?>
<root>
  <item name="com.google.android.material.appbar.AppBarLayout.LayoutParams int getScrollFlags()">
    <annotation name="androidx.annotation.IntDef">
      <val name="flag" val="true" />
      <val name="value" val="{com.google.android.material.appbar.AppBarLayout.LayoutParams.SCROLL_FLAG_NO_SCROLL, com.google.android.material.appbar.AppBarLayout.LayoutParams.SCROLL_FLAG_SCROLL, com.google.android.material.appbar.AppBarLayout.LayoutParams.SCROLL_FLAG_EXIT_UNTIL_COLLAPSED, com.google.android.material.appbar.AppBarLayout.LayoutParams.SCROLL_FLAG_ENTER_ALWAYS, com.google.android.material.appbar.AppBarLayout.LayoutParams.SCROLL_FLAG_ENTER_ALWAYS_COLLAPSED, com.google.android.material.appbar.AppBarLayout.LayoutParams.SCROLL_FLAG_SNAP, com.google.android.material.appbar.AppBarLayout.LayoutParams.SCROLL_FLAG_SNAP_MARGINS}" />
    </annotation>
  </item>
  <item name="com.google.android.material.appbar.AppBarLayout.LayoutParams void setScrollEffect(int) 0">
    <annotation name="androidx.annotation.IntDef">
      <val name="value" val="{com.google.android.material.appbar.AppBarLayout.LayoutParams.SCROLL_EFFECT_NONE, com.google.android.material.appbar.AppBarLayout.LayoutParams.SCROLL_EFFECT_COMPRESS}" />
    </annotation>
  </item>
  <item name="com.google.android.material.appbar.AppBarLayout.LayoutParams void setScrollFlags(int) 0">
    <annotation name="androidx.annotation.IntDef">
      <val name="flag" val="true" />
      <val name="value" val="{com.google.android.material.appbar.AppBarLayout.LayoutParams.SCROLL_FLAG_NO_SCROLL, com.google.android.material.appbar.AppBarLayout.LayoutParams.SCROLL_FLAG_SCROLL, com.google.android.material.appbar.AppBarLayout.LayoutParams.SCROLL_FLAG_EXIT_UNTIL_COLLAPSED, com.google.android.material.appbar.AppBarLayout.LayoutParams.SCROLL_FLAG_ENTER_ALWAYS, com.google.android.material.appbar.AppBarLayout.LayoutParams.SCROLL_FLAG_ENTER_ALWAYS_COLLAPSED, com.google.android.material.appbar.AppBarLayout.LayoutParams.SCROLL_FLAG_SNAP, com.google.android.material.appbar.AppBarLayout.LayoutParams.SCROLL_FLAG_SNAP_MARGINS}" />
    </annotation>
  </item>
  <item name="com.google.android.material.appbar.AppBarLayout.LayoutParams.ScrollEffect">
    <annotation name="androidx.annotation.IntDef">
      <val name="value" val="{com.google.android.material.appbar.AppBarLayout.LayoutParams.SCROLL_EFFECT_NONE, com.google.android.material.appbar.AppBarLayout.LayoutParams.SCROLL_EFFECT_COMPRESS}" />
    </annotation>
  </item>
  <item name="com.google.android.material.appbar.AppBarLayout.LayoutParams.ScrollFlags">
    <annotation name="androidx.annotation.IntDef">
      <val name="flag" val="true" />
      <val name="value" val="{com.google.android.material.appbar.AppBarLayout.LayoutParams.SCROLL_FLAG_NO_SCROLL, com.google.android.material.appbar.AppBarLayout.LayoutParams.SCROLL_FLAG_SCROLL, com.google.android.material.appbar.AppBarLayout.LayoutParams.SCROLL_FLAG_EXIT_UNTIL_COLLAPSED, com.google.android.material.appbar.AppBarLayout.LayoutParams.SCROLL_FLAG_ENTER_ALWAYS, com.google.android.material.appbar.AppBarLayout.LayoutParams.SCROLL_FLAG_ENTER_ALWAYS_COLLAPSED, com.google.android.material.appbar.AppBarLayout.LayoutParams.SCROLL_FLAG_SNAP, com.google.android.material.appbar.AppBarLayout.LayoutParams.SCROLL_FLAG_SNAP_MARGINS}" />
    </annotation>
  </item>
  <item name="com.google.android.material.appbar.CollapsingToolbarLayout collapsedTitleGravityMode">
    <annotation name="androidx.annotation.IntDef">
      <val name="value" val="{com.google.android.material.appbar.CollapsingToolbarLayout.COLLAPSED_TITLE_GRAVITY_ENTIRE_SPACE, com.google.android.material.appbar.CollapsingToolbarLayout.COLLAPSED_TITLE_GRAVITY_AVAILABLE_SPACE}" />
    </annotation>
  </item>
  <item name="com.google.android.material.appbar.CollapsingToolbarLayout int getTitleCollapseMode()">
    <annotation name="androidx.annotation.IntDef">
      <val name="value" val="{com.google.android.material.appbar.CollapsingToolbarLayout.TITLE_COLLAPSE_MODE_SCALE, com.google.android.material.appbar.CollapsingToolbarLayout.TITLE_COLLAPSE_MODE_FADE}" />
    </annotation>
  </item>
  <item name="com.google.android.material.appbar.CollapsingToolbarLayout titleCollapseMode">
    <annotation name="androidx.annotation.IntDef">
      <val name="value" val="{com.google.android.material.appbar.CollapsingToolbarLayout.TITLE_COLLAPSE_MODE_SCALE, com.google.android.material.appbar.CollapsingToolbarLayout.TITLE_COLLAPSE_MODE_FADE}" />
    </annotation>
  </item>
  <item name="com.google.android.material.appbar.CollapsingToolbarLayout void setTitleCollapseMode(int) 0">
    <annotation name="androidx.annotation.IntDef">
      <val name="value" val="{com.google.android.material.appbar.CollapsingToolbarLayout.TITLE_COLLAPSE_MODE_SCALE, com.google.android.material.appbar.CollapsingToolbarLayout.TITLE_COLLAPSE_MODE_FADE}" />
    </annotation>
  </item>
  <item name="com.google.android.material.appbar.CollapsingToolbarLayout.CollapsedTitleGravityMode">
    <annotation name="androidx.annotation.IntDef">
      <val name="value" val="{com.google.android.material.appbar.CollapsingToolbarLayout.COLLAPSED_TITLE_GRAVITY_ENTIRE_SPACE, com.google.android.material.appbar.CollapsingToolbarLayout.COLLAPSED_TITLE_GRAVITY_AVAILABLE_SPACE}" />
    </annotation>
  </item>
  <item name="com.google.android.material.appbar.CollapsingToolbarLayout.LayoutParams int getCollapseMode()">
    <annotation name="androidx.annotation.IntDef">
      <val name="value" val="{com.google.android.material.appbar.CollapsingToolbarLayout.LayoutParams.COLLAPSE_MODE_OFF, com.google.android.material.appbar.CollapsingToolbarLayout.LayoutParams.COLLAPSE_MODE_PIN, com.google.android.material.appbar.CollapsingToolbarLayout.LayoutParams.COLLAPSE_MODE_PARALLAX}" />
    </annotation>
  </item>
  <item name="com.google.android.material.appbar.CollapsingToolbarLayout.LayoutParams void setCollapseMode(int) 0">
    <annotation name="androidx.annotation.IntDef">
      <val name="value" val="{com.google.android.material.appbar.CollapsingToolbarLayout.LayoutParams.COLLAPSE_MODE_OFF, com.google.android.material.appbar.CollapsingToolbarLayout.LayoutParams.COLLAPSE_MODE_PIN, com.google.android.material.appbar.CollapsingToolbarLayout.LayoutParams.COLLAPSE_MODE_PARALLAX}" />
    </annotation>
  </item>
  <item name="com.google.android.material.appbar.CollapsingToolbarLayout.TitleCollapseMode">
    <annotation name="androidx.annotation.IntDef">
      <val name="value" val="{com.google.android.material.appbar.CollapsingToolbarLayout.TITLE_COLLAPSE_MODE_SCALE, com.google.android.material.appbar.CollapsingToolbarLayout.TITLE_COLLAPSE_MODE_FADE}" />
    </annotation>
  </item>
</root>

