<?xml version="1.0" encoding="UTF-8"?>
<root>
  <item name="com.google.android.material.navigation.NavigationBarItemView itemGravity">
    <annotation name="androidx.annotation.IntDef">
      <val name="value" val="{com.google.android.material.navigation.NavigationBarView.ITEM_GRAVITY_TOP_CENTER, com.google.android.material.navigation.NavigationBarView.ITEM_GRAVITY_CENTER, com.google.android.material.navigation.NavigationBarView.ITEM_GRAVITY_START_CENTER}" />
    </annotation>
  </item>
  <item name="com.google.android.material.navigation.NavigationBarItemView itemIconGravity">
    <annotation name="androidx.annotation.IntDef">
      <val name="value" val="{com.google.android.material.navigation.NavigationBarView.ITEM_ICON_GRAVITY_TOP, com.google.android.material.navigation.NavigationBarView.ITEM_ICON_GRAVITY_START}" />
    </annotation>
  </item>
  <item name="com.google.android.material.navigation.NavigationBarItemView void setItemGravity(int) 0">
    <annotation name="androidx.annotation.IntDef">
      <val name="value" val="{com.google.android.material.navigation.NavigationBarView.ITEM_GRAVITY_TOP_CENTER, com.google.android.material.navigation.NavigationBarView.ITEM_GRAVITY_CENTER, com.google.android.material.navigation.NavigationBarView.ITEM_GRAVITY_START_CENTER}" />
    </annotation>
  </item>
  <item name="com.google.android.material.navigation.NavigationBarItemView void setItemIconGravity(int) 0">
    <annotation name="androidx.annotation.IntDef">
      <val name="value" val="{com.google.android.material.navigation.NavigationBarView.ITEM_ICON_GRAVITY_TOP, com.google.android.material.navigation.NavigationBarView.ITEM_ICON_GRAVITY_START}" />
    </annotation>
  </item>
  <item name="com.google.android.material.navigation.NavigationBarItemView void setLabelVisibilityMode(int) 0">
    <annotation name="androidx.annotation.IntDef">
      <val name="value" val="{com.google.android.material.navigation.NavigationBarView.LABEL_VISIBILITY_AUTO, com.google.android.material.navigation.NavigationBarView.LABEL_VISIBILITY_SELECTED, com.google.android.material.navigation.NavigationBarView.LABEL_VISIBILITY_LABELED, com.google.android.material.navigation.NavigationBarView.LABEL_VISIBILITY_UNLABELED}" />
    </annotation>
  </item>
  <item name="com.google.android.material.navigation.NavigationBarMenuView boolean isShifting(int, int) 0">
    <annotation name="androidx.annotation.IntDef">
      <val name="value" val="{com.google.android.material.navigation.NavigationBarView.LABEL_VISIBILITY_AUTO, com.google.android.material.navigation.NavigationBarView.LABEL_VISIBILITY_SELECTED, com.google.android.material.navigation.NavigationBarView.LABEL_VISIBILITY_LABELED, com.google.android.material.navigation.NavigationBarView.LABEL_VISIBILITY_UNLABELED}" />
    </annotation>
  </item>
  <item name="com.google.android.material.navigation.NavigationBarMenuView int getItemIconGravity()">
    <annotation name="androidx.annotation.IntDef">
      <val name="value" val="{com.google.android.material.navigation.NavigationBarView.ITEM_ICON_GRAVITY_TOP, com.google.android.material.navigation.NavigationBarView.ITEM_ICON_GRAVITY_START}" />
    </annotation>
  </item>
  <item name="com.google.android.material.navigation.NavigationBarMenuView itemIconGravity">
    <annotation name="androidx.annotation.IntDef">
      <val name="value" val="{com.google.android.material.navigation.NavigationBarView.ITEM_ICON_GRAVITY_TOP, com.google.android.material.navigation.NavigationBarView.ITEM_ICON_GRAVITY_START}" />
    </annotation>
  </item>
  <item name="com.google.android.material.navigation.NavigationBarMenuView labelVisibilityMode">
    <annotation name="androidx.annotation.IntDef">
      <val name="value" val="{com.google.android.material.navigation.NavigationBarView.LABEL_VISIBILITY_AUTO, com.google.android.material.navigation.NavigationBarView.LABEL_VISIBILITY_SELECTED, com.google.android.material.navigation.NavigationBarView.LABEL_VISIBILITY_LABELED, com.google.android.material.navigation.NavigationBarView.LABEL_VISIBILITY_UNLABELED}" />
    </annotation>
  </item>
  <item name="com.google.android.material.navigation.NavigationBarMenuView void setItemIconGravity(int) 0">
    <annotation name="androidx.annotation.IntDef">
      <val name="value" val="{com.google.android.material.navigation.NavigationBarView.ITEM_ICON_GRAVITY_TOP, com.google.android.material.navigation.NavigationBarView.ITEM_ICON_GRAVITY_START}" />
    </annotation>
  </item>
  <item name="com.google.android.material.navigation.NavigationBarMenuView void setLabelVisibilityMode(int) 0">
    <annotation name="androidx.annotation.IntDef">
      <val name="value" val="{com.google.android.material.navigation.NavigationBarView.LABEL_VISIBILITY_AUTO, com.google.android.material.navigation.NavigationBarView.LABEL_VISIBILITY_SELECTED, com.google.android.material.navigation.NavigationBarView.LABEL_VISIBILITY_LABELED, com.google.android.material.navigation.NavigationBarView.LABEL_VISIBILITY_UNLABELED}" />
    </annotation>
  </item>
  <item name="com.google.android.material.navigation.NavigationBarView int getItemGravity()">
    <annotation name="androidx.annotation.IntDef">
      <val name="value" val="{com.google.android.material.navigation.NavigationBarView.ITEM_GRAVITY_TOP_CENTER, com.google.android.material.navigation.NavigationBarView.ITEM_GRAVITY_CENTER, com.google.android.material.navigation.NavigationBarView.ITEM_GRAVITY_START_CENTER}" />
    </annotation>
  </item>
  <item name="com.google.android.material.navigation.NavigationBarView int getLabelVisibilityMode()">
    <annotation name="androidx.annotation.IntDef">
      <val name="value" val="{com.google.android.material.navigation.NavigationBarView.LABEL_VISIBILITY_AUTO, com.google.android.material.navigation.NavigationBarView.LABEL_VISIBILITY_SELECTED, com.google.android.material.navigation.NavigationBarView.LABEL_VISIBILITY_LABELED, com.google.android.material.navigation.NavigationBarView.LABEL_VISIBILITY_UNLABELED}" />
    </annotation>
  </item>
  <item name="com.google.android.material.navigation.NavigationBarView void setItemGravity(int) 0">
    <annotation name="androidx.annotation.IntDef">
      <val name="value" val="{com.google.android.material.navigation.NavigationBarView.ITEM_GRAVITY_TOP_CENTER, com.google.android.material.navigation.NavigationBarView.ITEM_GRAVITY_CENTER, com.google.android.material.navigation.NavigationBarView.ITEM_GRAVITY_START_CENTER}" />
    </annotation>
  </item>
  <item name="com.google.android.material.navigation.NavigationBarView void setItemIconGravity(int) 0">
    <annotation name="androidx.annotation.IntDef">
      <val name="value" val="{com.google.android.material.navigation.NavigationBarView.ITEM_ICON_GRAVITY_TOP, com.google.android.material.navigation.NavigationBarView.ITEM_ICON_GRAVITY_START}" />
    </annotation>
  </item>
  <item name="com.google.android.material.navigation.NavigationBarView void setLabelVisibilityMode(int) 0">
    <annotation name="androidx.annotation.IntDef">
      <val name="value" val="{com.google.android.material.navigation.NavigationBarView.LABEL_VISIBILITY_AUTO, com.google.android.material.navigation.NavigationBarView.LABEL_VISIBILITY_SELECTED, com.google.android.material.navigation.NavigationBarView.LABEL_VISIBILITY_LABELED, com.google.android.material.navigation.NavigationBarView.LABEL_VISIBILITY_UNLABELED}" />
    </annotation>
  </item>
  <item name="com.google.android.material.navigation.NavigationBarView.ItemGravity">
    <annotation name="androidx.annotation.IntDef">
      <val name="value" val="{com.google.android.material.navigation.NavigationBarView.ITEM_GRAVITY_TOP_CENTER, com.google.android.material.navigation.NavigationBarView.ITEM_GRAVITY_CENTER, com.google.android.material.navigation.NavigationBarView.ITEM_GRAVITY_START_CENTER}" />
    </annotation>
  </item>
  <item name="com.google.android.material.navigation.NavigationBarView.ItemIconGravity">
    <annotation name="androidx.annotation.IntDef">
      <val name="value" val="{com.google.android.material.navigation.NavigationBarView.ITEM_ICON_GRAVITY_TOP, com.google.android.material.navigation.NavigationBarView.ITEM_ICON_GRAVITY_START}" />
    </annotation>
  </item>
  <item name="com.google.android.material.navigation.NavigationBarView.LabelVisibility">
    <annotation name="androidx.annotation.IntDef">
      <val name="value" val="{com.google.android.material.navigation.NavigationBarView.LABEL_VISIBILITY_AUTO, com.google.android.material.navigation.NavigationBarView.LABEL_VISIBILITY_SELECTED, com.google.android.material.navigation.NavigationBarView.LABEL_VISIBILITY_LABELED, com.google.android.material.navigation.NavigationBarView.LABEL_VISIBILITY_UNLABELED}" />
    </annotation>
  </item>
</root>

