<?xml version="1.0" encoding="UTF-8"?>
<root>
  <item name="com.google.android.material.navigationrail.NavigationRailView collapsedIconGravity">
    <annotation name="androidx.annotation.IntDef">
      <val name="value" val="{com.google.android.material.navigation.NavigationBarView.ITEM_ICON_GRAVITY_TOP, com.google.android.material.navigation.NavigationBarView.ITEM_ICON_GRAVITY_START}" />
    </annotation>
  </item>
  <item name="com.google.android.material.navigationrail.NavigationRailView collapsedItemGravity">
    <annotation name="androidx.annotation.IntDef">
      <val name="value" val="{com.google.android.material.navigation.NavigationBarView.ITEM_GRAVITY_TOP_CENTER, com.google.android.material.navigation.NavigationBarView.ITEM_GRAVITY_CENTER, com.google.android.material.navigation.NavigationBarView.ITEM_GRAVITY_START_CENTER}" />
    </annotation>
  </item>
  <item name="com.google.android.material.navigationrail.NavigationRailView expandedIconGravity">
    <annotation name="androidx.annotation.IntDef">
      <val name="value" val="{com.google.android.material.navigation.NavigationBarView.ITEM_ICON_GRAVITY_TOP, com.google.android.material.navigation.NavigationBarView.ITEM_ICON_GRAVITY_START}" />
    </annotation>
  </item>
  <item name="com.google.android.material.navigationrail.NavigationRailView expandedItemGravity">
    <annotation name="androidx.annotation.IntDef">
      <val name="value" val="{com.google.android.material.navigation.NavigationBarView.ITEM_GRAVITY_TOP_CENTER, com.google.android.material.navigation.NavigationBarView.ITEM_GRAVITY_CENTER, com.google.android.material.navigation.NavigationBarView.ITEM_GRAVITY_START_CENTER}" />
    </annotation>
  </item>
</root>

