<?xml version="1.0" encoding="UTF-8"?>
<root>
  <item name="com.google.android.material.badge.BadgeDrawable int getBadgeGravity()">
    <annotation name="androidx.annotation.IntDef">
      <val name="value" val="{com.google.android.material.badge.BadgeDrawable.TOP_END, com.google.android.material.badge.BadgeDrawable.TOP_START, com.google.android.material.badge.BadgeDrawable.BOTTOM_END, com.google.android.material.badge.BadgeDrawable.BOTTOM_START}" />
    </annotation>
  </item>
  <item name="com.google.android.material.badge.BadgeDrawable void setBadgeFixedEdge(int) 0">
    <annotation name="androidx.annotation.IntDef">
      <val name="value" val="{com.google.android.material.badge.BadgeDrawable.BADGE_FIXED_EDGE_START, com.google.android.material.badge.BadgeDrawable.BADGE_FIXED_EDGE_END}" />
    </annotation>
  </item>
  <item name="com.google.android.material.badge.BadgeDrawable void setBadgeGravity(int) 0">
    <annotation name="androidx.annotation.IntDef">
      <val name="value" val="{com.google.android.material.badge.BadgeDrawable.TOP_END, com.google.android.material.badge.BadgeDrawable.TOP_START, com.google.android.material.badge.BadgeDrawable.BOTTOM_END, com.google.android.material.badge.BadgeDrawable.BOTTOM_START}" />
    </annotation>
  </item>
  <item name="com.google.android.material.badge.BadgeDrawable.BadgeGravity">
    <annotation name="androidx.annotation.IntDef">
      <val name="value" val="{com.google.android.material.badge.BadgeDrawable.TOP_END, com.google.android.material.badge.BadgeDrawable.TOP_START, com.google.android.material.badge.BadgeDrawable.BOTTOM_END, com.google.android.material.badge.BadgeDrawable.BOTTOM_START}" />
    </annotation>
  </item>
  <item name="com.google.android.material.badge.BadgeState badgeFixedEdge">
    <annotation name="androidx.annotation.IntDef">
      <val name="value" val="{com.google.android.material.badge.BadgeDrawable.BADGE_FIXED_EDGE_START, com.google.android.material.badge.BadgeDrawable.BADGE_FIXED_EDGE_END}" />
    </annotation>
  </item>
  <item name="com.google.android.material.badge.BadgeState int getBadgeGravity()">
    <annotation name="androidx.annotation.IntDef">
      <val name="value" val="{com.google.android.material.badge.BadgeDrawable.TOP_END, com.google.android.material.badge.BadgeDrawable.TOP_START, com.google.android.material.badge.BadgeDrawable.BOTTOM_END, com.google.android.material.badge.BadgeDrawable.BOTTOM_START}" />
    </annotation>
  </item>
  <item name="com.google.android.material.badge.BadgeState offsetAlignmentMode">
    <annotation name="androidx.annotation.IntDef">
      <val name="value" val="{com.google.android.material.badge.BadgeDrawable.OFFSET_ALIGNMENT_MODE_EDGE, com.google.android.material.badge.BadgeDrawable.OFFSET_ALIGNMENT_MODE_LEGACY}" />
    </annotation>
  </item>
  <item name="com.google.android.material.badge.BadgeState void setBadgeGravity(int) 0">
    <annotation name="androidx.annotation.IntDef">
      <val name="value" val="{com.google.android.material.badge.BadgeDrawable.TOP_END, com.google.android.material.badge.BadgeDrawable.TOP_START, com.google.android.material.badge.BadgeDrawable.BOTTOM_END, com.google.android.material.badge.BadgeDrawable.BOTTOM_START}" />
    </annotation>
  </item>
  <item name="com.google.android.material.badge.BadgeState.State badgeFixedEdge">
    <annotation name="androidx.annotation.IntDef">
      <val name="value" val="{com.google.android.material.badge.BadgeDrawable.BADGE_FIXED_EDGE_START, com.google.android.material.badge.BadgeDrawable.BADGE_FIXED_EDGE_END}" />
    </annotation>
  </item>
  <item name="com.google.android.material.badge.BadgeState.State badgeGravity">
    <annotation name="androidx.annotation.IntDef">
      <val name="value" val="{com.google.android.material.badge.BadgeDrawable.TOP_END, com.google.android.material.badge.BadgeDrawable.TOP_START, com.google.android.material.badge.BadgeDrawable.BOTTOM_END, com.google.android.material.badge.BadgeDrawable.BOTTOM_START}" />
    </annotation>
  </item>
</root>

