<?xml version="1.0" encoding="UTF-8"?>
<root>
  <item name="com.google.android.material.listitem.ListItemCardView.SwipeCallback void onSwipeStateChanged(int) 0">
    <annotation name="androidx.annotation.IntDef">
      <val name="value" val="{com.google.android.material.listitem.SwipeableListItem.STATE_DRAGGING, com.google.android.material.listitem.SwipeableListItem.STATE_SETTLING, com.google.android.material.listitem.SwipeableListItem.STATE_CLOSED, com.google.android.material.listitem.SwipeableListItem.STATE_OPEN, com.google.android.material.listitem.SwipeableListItem.STATE_SWIPE_PRIMARY_ACTION}" />
    </annotation>
  </item>
  <item name="com.google.android.material.listitem.ListItemLayout int getOffsetForSwipeState(int) 0">
    <annotation name="androidx.annotation.IntDef">
      <val name="value" val="{com.google.android.material.listitem.SwipeableListItem.STATE_CLOSED, com.google.android.material.listitem.SwipeableListItem.STATE_OPEN, com.google.android.material.listitem.SwipeableListItem.STATE_SWIPE_PRIMARY_ACTION}" />
    </annotation>
  </item>
  <item name="com.google.android.material.listitem.ListItemLayout int getSwipeState()">
    <annotation name="androidx.annotation.IntDef">
      <val name="value" val="{com.google.android.material.listitem.SwipeableListItem.STATE_DRAGGING, com.google.android.material.listitem.SwipeableListItem.STATE_SETTLING, com.google.android.material.listitem.SwipeableListItem.STATE_CLOSED, com.google.android.material.listitem.SwipeableListItem.STATE_OPEN, com.google.android.material.listitem.SwipeableListItem.STATE_SWIPE_PRIMARY_ACTION}" />
    </annotation>
  </item>
  <item name="com.google.android.material.listitem.ListItemLayout lastStableSwipeState">
    <annotation name="androidx.annotation.IntDef">
      <val name="value" val="{com.google.android.material.listitem.SwipeableListItem.STATE_CLOSED, com.google.android.material.listitem.SwipeableListItem.STATE_OPEN, com.google.android.material.listitem.SwipeableListItem.STATE_SWIPE_PRIMARY_ACTION}" />
    </annotation>
  </item>
  <item name="com.google.android.material.listitem.ListItemLayout swipeState">
    <annotation name="androidx.annotation.IntDef">
      <val name="value" val="{com.google.android.material.listitem.SwipeableListItem.STATE_DRAGGING, com.google.android.material.listitem.SwipeableListItem.STATE_SETTLING, com.google.android.material.listitem.SwipeableListItem.STATE_CLOSED, com.google.android.material.listitem.SwipeableListItem.STATE_OPEN, com.google.android.material.listitem.SwipeableListItem.STATE_SWIPE_PRIMARY_ACTION}" />
    </annotation>
  </item>
  <item name="com.google.android.material.listitem.ListItemLayout void setSwipeState(int) 0">
    <annotation name="androidx.annotation.IntDef">
      <val name="value" val="{com.google.android.material.listitem.SwipeableListItem.STATE_CLOSED, com.google.android.material.listitem.SwipeableListItem.STATE_OPEN, com.google.android.material.listitem.SwipeableListItem.STATE_SWIPE_PRIMARY_ACTION}" />
    </annotation>
  </item>
  <item name="com.google.android.material.listitem.ListItemLayout void setSwipeState(int, boolean) 0">
    <annotation name="androidx.annotation.IntDef">
      <val name="value" val="{com.google.android.material.listitem.SwipeableListItem.STATE_CLOSED, com.google.android.material.listitem.SwipeableListItem.STATE_OPEN, com.google.android.material.listitem.SwipeableListItem.STATE_SWIPE_PRIMARY_ACTION}" />
    </annotation>
  </item>
  <item name="com.google.android.material.listitem.ListItemLayout void setSwipeStateInternal(int) 0">
    <annotation name="androidx.annotation.IntDef">
      <val name="value" val="{com.google.android.material.listitem.SwipeableListItem.STATE_DRAGGING, com.google.android.material.listitem.SwipeableListItem.STATE_SETTLING, com.google.android.material.listitem.SwipeableListItem.STATE_CLOSED, com.google.android.material.listitem.SwipeableListItem.STATE_OPEN, com.google.android.material.listitem.SwipeableListItem.STATE_SWIPE_PRIMARY_ACTION}" />
    </annotation>
  </item>
  <item name="com.google.android.material.listitem.ListItemLayout void startSettling(android.view.View, int) 1">
    <annotation name="androidx.annotation.IntDef">
      <val name="value" val="{com.google.android.material.listitem.SwipeableListItem.STATE_CLOSED, com.google.android.material.listitem.SwipeableListItem.STATE_OPEN, com.google.android.material.listitem.SwipeableListItem.STATE_SWIPE_PRIMARY_ACTION}" />
    </annotation>
  </item>
  <item name="com.google.android.material.listitem.ListItemLayout.StateSettlingTracker targetSwipeState">
    <annotation name="androidx.annotation.IntDef">
      <val name="value" val="{com.google.android.material.listitem.SwipeableListItem.STATE_CLOSED, com.google.android.material.listitem.SwipeableListItem.STATE_OPEN, com.google.android.material.listitem.SwipeableListItem.STATE_SWIPE_PRIMARY_ACTION}" />
    </annotation>
  </item>
  <item name="com.google.android.material.listitem.ListItemLayout.StateSettlingTracker void continueSettlingToState(int) 0">
    <annotation name="androidx.annotation.IntDef">
      <val name="value" val="{com.google.android.material.listitem.SwipeableListItem.STATE_CLOSED, com.google.android.material.listitem.SwipeableListItem.STATE_OPEN, com.google.android.material.listitem.SwipeableListItem.STATE_SWIPE_PRIMARY_ACTION}" />
    </annotation>
  </item>
  <item name="com.google.android.material.listitem.ListItemRevealLayout int getPrimaryActionSwipeMode()">
    <annotation name="androidx.annotation.IntDef">
      <val name="value" val="{com.google.android.material.listitem.RevealableListItem.PRIMARY_ACTION_SWIPE_DISABLED, com.google.android.material.listitem.RevealableListItem.PRIMARY_ACTION_SWIPE_INDIRECT, com.google.android.material.listitem.RevealableListItem.PRIMARY_ACTION_SWIPE_DIRECT}" />
    </annotation>
  </item>
  <item name="com.google.android.material.listitem.ListItemRevealLayout primaryActionSwipeMode">
    <annotation name="androidx.annotation.IntDef">
      <val name="value" val="{com.google.android.material.listitem.RevealableListItem.PRIMARY_ACTION_SWIPE_DISABLED, com.google.android.material.listitem.RevealableListItem.PRIMARY_ACTION_SWIPE_INDIRECT, com.google.android.material.listitem.RevealableListItem.PRIMARY_ACTION_SWIPE_DIRECT}" />
    </annotation>
  </item>
  <item name="com.google.android.material.listitem.ListItemRevealLayout void setPrimaryActionSwipeMode(int) 0">
    <annotation name="androidx.annotation.IntDef">
      <val name="value" val="{com.google.android.material.listitem.RevealableListItem.PRIMARY_ACTION_SWIPE_DISABLED, com.google.android.material.listitem.RevealableListItem.PRIMARY_ACTION_SWIPE_INDIRECT, com.google.android.material.listitem.RevealableListItem.PRIMARY_ACTION_SWIPE_DIRECT}" />
    </annotation>
  </item>
  <item name="com.google.android.material.listitem.RevealableListItem int getPrimaryActionSwipeMode()">
    <annotation name="androidx.annotation.IntDef">
      <val name="value" val="{com.google.android.material.listitem.RevealableListItem.PRIMARY_ACTION_SWIPE_DISABLED, com.google.android.material.listitem.RevealableListItem.PRIMARY_ACTION_SWIPE_INDIRECT, com.google.android.material.listitem.RevealableListItem.PRIMARY_ACTION_SWIPE_DIRECT}" />
    </annotation>
  </item>
  <item name="com.google.android.material.listitem.RevealableListItem void setPrimaryActionSwipeMode(int) 0">
    <annotation name="androidx.annotation.IntDef">
      <val name="value" val="{com.google.android.material.listitem.RevealableListItem.PRIMARY_ACTION_SWIPE_DISABLED, com.google.android.material.listitem.RevealableListItem.PRIMARY_ACTION_SWIPE_INDIRECT, com.google.android.material.listitem.RevealableListItem.PRIMARY_ACTION_SWIPE_DIRECT}" />
    </annotation>
  </item>
  <item name="com.google.android.material.listitem.RevealableListItem.PrimaryActionSwipeMode">
    <annotation name="androidx.annotation.IntDef">
      <val name="value" val="{com.google.android.material.listitem.RevealableListItem.PRIMARY_ACTION_SWIPE_DISABLED, com.google.android.material.listitem.RevealableListItem.PRIMARY_ACTION_SWIPE_INDIRECT, com.google.android.material.listitem.RevealableListItem.PRIMARY_ACTION_SWIPE_DIRECT}" />
    </annotation>
  </item>
  <item name="com.google.android.material.listitem.SwipeableListItem void onSwipeStateChanged(int) 0">
    <annotation name="androidx.annotation.IntDef">
      <val name="value" val="{com.google.android.material.listitem.SwipeableListItem.STATE_DRAGGING, com.google.android.material.listitem.SwipeableListItem.STATE_SETTLING, com.google.android.material.listitem.SwipeableListItem.STATE_CLOSED, com.google.android.material.listitem.SwipeableListItem.STATE_OPEN, com.google.android.material.listitem.SwipeableListItem.STATE_SWIPE_PRIMARY_ACTION}" />
    </annotation>
  </item>
  <item name="com.google.android.material.listitem.SwipeableListItem.StableSwipeState">
    <annotation name="androidx.annotation.IntDef">
      <val name="value" val="{com.google.android.material.listitem.SwipeableListItem.STATE_CLOSED, com.google.android.material.listitem.SwipeableListItem.STATE_OPEN, com.google.android.material.listitem.SwipeableListItem.STATE_SWIPE_PRIMARY_ACTION}" />
    </annotation>
  </item>
  <item name="com.google.android.material.listitem.SwipeableListItem.SwipeState">
    <annotation name="androidx.annotation.IntDef">
      <val name="value" val="{com.google.android.material.listitem.SwipeableListItem.STATE_DRAGGING, com.google.android.material.listitem.SwipeableListItem.STATE_SETTLING, com.google.android.material.listitem.SwipeableListItem.STATE_CLOSED, com.google.android.material.listitem.SwipeableListItem.STATE_OPEN, com.google.android.material.listitem.SwipeableListItem.STATE_SWIPE_PRIMARY_ACTION}" />
    </annotation>
  </item>
</root>

