<?xml version="1.0" encoding="UTF-8"?>
<root>
  <item name="com.google.android.material.progressindicator.BaseProgressIndicator int getHideAnimationBehavior()">
    <annotation name="androidx.annotation.IntDef">
      <val name="value" val="{com.google.android.material.progressindicator.BaseProgressIndicator.HIDE_NONE, com.google.android.material.progressindicator.BaseProgressIndicator.HIDE_OUTWARD, com.google.android.material.progressindicator.BaseProgressIndicator.HIDE_INWARD, com.google.android.material.progressindicator.BaseProgressIndicator.HIDE_ESCAPE}" />
    </annotation>
  </item>
  <item name="com.google.android.material.progressindicator.BaseProgressIndicator int getShowAnimationBehavior()">
    <annotation name="androidx.annotation.IntDef">
      <val name="value" val="{com.google.android.material.progressindicator.BaseProgressIndicator.SHOW_NONE, com.google.android.material.progressindicator.BaseProgressIndicator.SHOW_OUTWARD, com.google.android.material.progressindicator.BaseProgressIndicator.SHOW_INWARD}" />
    </annotation>
  </item>
  <item name="com.google.android.material.progressindicator.BaseProgressIndicator void setHideAnimationBehavior(int) 0">
    <annotation name="androidx.annotation.IntDef">
      <val name="value" val="{com.google.android.material.progressindicator.BaseProgressIndicator.HIDE_NONE, com.google.android.material.progressindicator.BaseProgressIndicator.HIDE_OUTWARD, com.google.android.material.progressindicator.BaseProgressIndicator.HIDE_INWARD, com.google.android.material.progressindicator.BaseProgressIndicator.HIDE_ESCAPE}" />
    </annotation>
  </item>
  <item name="com.google.android.material.progressindicator.BaseProgressIndicator void setShowAnimationBehavior(int) 0">
    <annotation name="androidx.annotation.IntDef">
      <val name="value" val="{com.google.android.material.progressindicator.BaseProgressIndicator.SHOW_NONE, com.google.android.material.progressindicator.BaseProgressIndicator.SHOW_OUTWARD, com.google.android.material.progressindicator.BaseProgressIndicator.SHOW_INWARD}" />
    </annotation>
  </item>
  <item name="com.google.android.material.progressindicator.BaseProgressIndicator.HideAnimationBehavior">
    <annotation name="androidx.annotation.IntDef">
      <val name="value" val="{com.google.android.material.progressindicator.BaseProgressIndicator.HIDE_NONE, com.google.android.material.progressindicator.BaseProgressIndicator.HIDE_OUTWARD, com.google.android.material.progressindicator.BaseProgressIndicator.HIDE_INWARD, com.google.android.material.progressindicator.BaseProgressIndicator.HIDE_ESCAPE}" />
    </annotation>
  </item>
  <item name="com.google.android.material.progressindicator.BaseProgressIndicator.ShowAnimationBehavior">
    <annotation name="androidx.annotation.IntDef">
      <val name="value" val="{com.google.android.material.progressindicator.BaseProgressIndicator.SHOW_NONE, com.google.android.material.progressindicator.BaseProgressIndicator.SHOW_OUTWARD, com.google.android.material.progressindicator.BaseProgressIndicator.SHOW_INWARD}" />
    </annotation>
  </item>
  <item name="com.google.android.material.progressindicator.BaseProgressIndicatorSpec hideAnimationBehavior">
    <annotation name="androidx.annotation.IntDef">
      <val name="value" val="{com.google.android.material.progressindicator.BaseProgressIndicator.HIDE_NONE, com.google.android.material.progressindicator.BaseProgressIndicator.HIDE_OUTWARD, com.google.android.material.progressindicator.BaseProgressIndicator.HIDE_INWARD, com.google.android.material.progressindicator.BaseProgressIndicator.HIDE_ESCAPE}" />
    </annotation>
  </item>
  <item name="com.google.android.material.progressindicator.BaseProgressIndicatorSpec showAnimationBehavior">
    <annotation name="androidx.annotation.IntDef">
      <val name="value" val="{com.google.android.material.progressindicator.BaseProgressIndicator.SHOW_NONE, com.google.android.material.progressindicator.BaseProgressIndicator.SHOW_OUTWARD, com.google.android.material.progressindicator.BaseProgressIndicator.SHOW_INWARD}" />
    </annotation>
  </item>
  <item name="com.google.android.material.progressindicator.CircularProgressIndicator int getIndeterminateAnimationType()">
    <annotation name="androidx.annotation.IntDef">
      <val name="value" val="{com.google.android.material.progressindicator.CircularProgressIndicator.INDETERMINATE_ANIMATION_TYPE_ADVANCE, com.google.android.material.progressindicator.CircularProgressIndicator.INDETERMINATE_ANIMATION_TYPE_RETREAT}" />
    </annotation>
  </item>
  <item name="com.google.android.material.progressindicator.CircularProgressIndicator int getIndicatorDirection()">
    <annotation name="androidx.annotation.IntDef">
      <val name="value" val="{com.google.android.material.progressindicator.CircularProgressIndicator.INDICATOR_DIRECTION_CLOCKWISE, com.google.android.material.progressindicator.CircularProgressIndicator.INDICATOR_DIRECTION_COUNTERCLOCKWISE}" />
    </annotation>
  </item>
  <item name="com.google.android.material.progressindicator.CircularProgressIndicator void setIndeterminateAnimationType(int) 0">
    <annotation name="androidx.annotation.IntDef">
      <val name="value" val="{com.google.android.material.progressindicator.CircularProgressIndicator.INDETERMINATE_ANIMATION_TYPE_ADVANCE, com.google.android.material.progressindicator.CircularProgressIndicator.INDETERMINATE_ANIMATION_TYPE_RETREAT}" />
    </annotation>
  </item>
  <item name="com.google.android.material.progressindicator.CircularProgressIndicator void setIndicatorDirection(int) 0">
    <annotation name="androidx.annotation.IntDef">
      <val name="value" val="{com.google.android.material.progressindicator.CircularProgressIndicator.INDICATOR_DIRECTION_CLOCKWISE, com.google.android.material.progressindicator.CircularProgressIndicator.INDICATOR_DIRECTION_COUNTERCLOCKWISE}" />
    </annotation>
  </item>
  <item name="com.google.android.material.progressindicator.CircularProgressIndicator.IndeterminateAnimationType">
    <annotation name="androidx.annotation.IntDef">
      <val name="value" val="{com.google.android.material.progressindicator.CircularProgressIndicator.INDETERMINATE_ANIMATION_TYPE_ADVANCE, com.google.android.material.progressindicator.CircularProgressIndicator.INDETERMINATE_ANIMATION_TYPE_RETREAT}" />
    </annotation>
  </item>
  <item name="com.google.android.material.progressindicator.CircularProgressIndicator.IndicatorDirection">
    <annotation name="androidx.annotation.IntDef">
      <val name="value" val="{com.google.android.material.progressindicator.CircularProgressIndicator.INDICATOR_DIRECTION_CLOCKWISE, com.google.android.material.progressindicator.CircularProgressIndicator.INDICATOR_DIRECTION_COUNTERCLOCKWISE}" />
    </annotation>
  </item>
  <item name="com.google.android.material.progressindicator.CircularProgressIndicatorSpec indeterminateAnimationType">
    <annotation name="androidx.annotation.IntDef">
      <val name="value" val="{com.google.android.material.progressindicator.CircularProgressIndicator.INDETERMINATE_ANIMATION_TYPE_ADVANCE, com.google.android.material.progressindicator.CircularProgressIndicator.INDETERMINATE_ANIMATION_TYPE_RETREAT}" />
    </annotation>
  </item>
  <item name="com.google.android.material.progressindicator.CircularProgressIndicatorSpec indicatorDirection">
    <annotation name="androidx.annotation.IntDef">
      <val name="value" val="{com.google.android.material.progressindicator.CircularProgressIndicator.INDICATOR_DIRECTION_CLOCKWISE, com.google.android.material.progressindicator.CircularProgressIndicator.INDICATOR_DIRECTION_COUNTERCLOCKWISE}" />
    </annotation>
  </item>
  <item name="com.google.android.material.progressindicator.LinearProgressIndicator int getIndeterminateAnimationType()">
    <annotation name="androidx.annotation.IntDef">
      <val name="value" val="{com.google.android.material.progressindicator.LinearProgressIndicator.INDETERMINATE_ANIMATION_TYPE_CONTIGUOUS, com.google.android.material.progressindicator.LinearProgressIndicator.INDETERMINATE_ANIMATION_TYPE_DISJOINT}" />
    </annotation>
  </item>
  <item name="com.google.android.material.progressindicator.LinearProgressIndicator int getIndicatorDirection()">
    <annotation name="androidx.annotation.IntDef">
      <val name="value" val="{com.google.android.material.progressindicator.LinearProgressIndicator.INDICATOR_DIRECTION_LEFT_TO_RIGHT, com.google.android.material.progressindicator.LinearProgressIndicator.INDICATOR_DIRECTION_RIGHT_TO_LEFT, com.google.android.material.progressindicator.LinearProgressIndicator.INDICATOR_DIRECTION_START_TO_END, com.google.android.material.progressindicator.LinearProgressIndicator.INDICATOR_DIRECTION_END_TO_START}" />
    </annotation>
  </item>
  <item name="com.google.android.material.progressindicator.LinearProgressIndicator void setIndeterminateAnimationType(int) 0">
    <annotation name="androidx.annotation.IntDef">
      <val name="value" val="{com.google.android.material.progressindicator.LinearProgressIndicator.INDETERMINATE_ANIMATION_TYPE_CONTIGUOUS, com.google.android.material.progressindicator.LinearProgressIndicator.INDETERMINATE_ANIMATION_TYPE_DISJOINT}" />
    </annotation>
  </item>
  <item name="com.google.android.material.progressindicator.LinearProgressIndicator void setIndicatorDirection(int) 0">
    <annotation name="androidx.annotation.IntDef">
      <val name="value" val="{com.google.android.material.progressindicator.LinearProgressIndicator.INDICATOR_DIRECTION_LEFT_TO_RIGHT, com.google.android.material.progressindicator.LinearProgressIndicator.INDICATOR_DIRECTION_RIGHT_TO_LEFT, com.google.android.material.progressindicator.LinearProgressIndicator.INDICATOR_DIRECTION_START_TO_END, com.google.android.material.progressindicator.LinearProgressIndicator.INDICATOR_DIRECTION_END_TO_START}" />
    </annotation>
  </item>
  <item name="com.google.android.material.progressindicator.LinearProgressIndicator.IndeterminateAnimationType">
    <annotation name="androidx.annotation.IntDef">
      <val name="value" val="{com.google.android.material.progressindicator.LinearProgressIndicator.INDETERMINATE_ANIMATION_TYPE_CONTIGUOUS, com.google.android.material.progressindicator.LinearProgressIndicator.INDETERMINATE_ANIMATION_TYPE_DISJOINT}" />
    </annotation>
  </item>
  <item name="com.google.android.material.progressindicator.LinearProgressIndicator.IndicatorDirection">
    <annotation name="androidx.annotation.IntDef">
      <val name="value" val="{com.google.android.material.progressindicator.LinearProgressIndicator.INDICATOR_DIRECTION_LEFT_TO_RIGHT, com.google.android.material.progressindicator.LinearProgressIndicator.INDICATOR_DIRECTION_RIGHT_TO_LEFT, com.google.android.material.progressindicator.LinearProgressIndicator.INDICATOR_DIRECTION_START_TO_END, com.google.android.material.progressindicator.LinearProgressIndicator.INDICATOR_DIRECTION_END_TO_START}" />
    </annotation>
  </item>
  <item name="com.google.android.material.progressindicator.LinearProgressIndicatorSpec indeterminateAnimationType">
    <annotation name="androidx.annotation.IntDef">
      <val name="value" val="{com.google.android.material.progressindicator.LinearProgressIndicator.INDETERMINATE_ANIMATION_TYPE_CONTIGUOUS, com.google.android.material.progressindicator.LinearProgressIndicator.INDETERMINATE_ANIMATION_TYPE_DISJOINT}" />
    </annotation>
  </item>
  <item name="com.google.android.material.progressindicator.LinearProgressIndicatorSpec indicatorDirection">
    <annotation name="androidx.annotation.IntDef">
      <val name="value" val="{com.google.android.material.progressindicator.LinearProgressIndicator.INDICATOR_DIRECTION_LEFT_TO_RIGHT, com.google.android.material.progressindicator.LinearProgressIndicator.INDICATOR_DIRECTION_RIGHT_TO_LEFT, com.google.android.material.progressindicator.LinearProgressIndicator.INDICATOR_DIRECTION_START_TO_END, com.google.android.material.progressindicator.LinearProgressIndicator.INDICATOR_DIRECTION_END_TO_START}" />
    </annotation>
  </item>
</root>

