<?xml version="1.0" encoding="UTF-8"?>
<root>
  <item name="com.google.android.material.slider.BaseSlider int convertToTickVisibilityMode(boolean)">
    <annotation name="androidx.annotation.IntDef">
      <val name="value" val="{com.google.android.material.slider.TickVisibilityMode.TICK_VISIBILITY_AUTO_LIMIT, com.google.android.material.slider.TickVisibilityMode.TICK_VISIBILITY_AUTO_HIDE, com.google.android.material.slider.TickVisibilityMode.TICK_VISIBILITY_HIDDEN}" />
    </annotation>
  </item>
  <item name="com.google.android.material.slider.BaseSlider int getLabelBehavior()">
    <annotation name="androidx.annotation.IntDef">
      <val name="value" val="{com.google.android.material.slider.LabelFormatter.LABEL_FLOATING, com.google.android.material.slider.LabelFormatter.LABEL_WITHIN_BOUNDS, com.google.android.material.slider.LabelFormatter.LABEL_GONE, com.google.android.material.slider.LabelFormatter.LABEL_VISIBLE}" />
    </annotation>
  </item>
  <item name="com.google.android.material.slider.BaseSlider int getTickVisibilityMode()">
    <annotation name="androidx.annotation.IntDef">
      <val name="value" val="{com.google.android.material.slider.TickVisibilityMode.TICK_VISIBILITY_AUTO_LIMIT, com.google.android.material.slider.TickVisibilityMode.TICK_VISIBILITY_AUTO_HIDE, com.google.android.material.slider.TickVisibilityMode.TICK_VISIBILITY_HIDDEN}" />
    </annotation>
  </item>
  <item name="com.google.android.material.slider.BaseSlider separationUnit">
    <annotation name="androidx.annotation.IntDef">
      <val name="value" val="{com.google.android.material.slider.BaseSlider.UNIT_PX, com.google.android.material.slider.BaseSlider.UNIT_VALUE}" />
    </annotation>
  </item>
  <item name="com.google.android.material.slider.BaseSlider void setLabelBehavior(int) 0">
    <annotation name="androidx.annotation.IntDef">
      <val name="value" val="{com.google.android.material.slider.LabelFormatter.LABEL_FLOATING, com.google.android.material.slider.LabelFormatter.LABEL_WITHIN_BOUNDS, com.google.android.material.slider.LabelFormatter.LABEL_GONE, com.google.android.material.slider.LabelFormatter.LABEL_VISIBLE}" />
    </annotation>
  </item>
  <item name="com.google.android.material.slider.BaseSlider void setOrientation(int) 0">
    <annotation name="androidx.annotation.IntDef">
      <val name="value" val="{com.google.android.material.slider.SliderOrientation.HORIZONTAL, com.google.android.material.slider.SliderOrientation.VERTICAL}" />
    </annotation>
  </item>
  <item name="com.google.android.material.slider.BaseSlider void setTickVisibilityMode(int) 0">
    <annotation name="androidx.annotation.IntDef">
      <val name="value" val="{com.google.android.material.slider.TickVisibilityMode.TICK_VISIBILITY_AUTO_LIMIT, com.google.android.material.slider.TickVisibilityMode.TICK_VISIBILITY_AUTO_HIDE, com.google.android.material.slider.TickVisibilityMode.TICK_VISIBILITY_HIDDEN}" />
    </annotation>
  </item>
  <item name="com.google.android.material.slider.BaseSlider widgetOrientation">
    <annotation name="androidx.annotation.IntDef">
      <val name="value" val="{com.google.android.material.slider.SliderOrientation.HORIZONTAL, com.google.android.material.slider.SliderOrientation.VERTICAL}" />
    </annotation>
  </item>
  <item name="com.google.android.material.slider.BaseSlider.Orientation">
    <annotation name="androidx.annotation.IntDef">
      <val name="value" val="{com.google.android.material.slider.SliderOrientation.HORIZONTAL, com.google.android.material.slider.SliderOrientation.VERTICAL}" />
    </annotation>
  </item>
  <item name="com.google.android.material.slider.TickVisibilityMode">
    <annotation name="androidx.annotation.IntDef">
      <val name="value" val="{com.google.android.material.slider.TickVisibilityMode.TICK_VISIBILITY_AUTO_LIMIT, com.google.android.material.slider.TickVisibilityMode.TICK_VISIBILITY_AUTO_HIDE, com.google.android.material.slider.TickVisibilityMode.TICK_VISIBILITY_HIDDEN}" />
    </annotation>
  </item>
</root>

